-- MySQL dump 10.13  Distrib 5.6.25, for Win64 (x86_64)
--
-- Host: localhost    Database: ontodb
-- ------------------------------------------------------
-- Server version	5.6.25-log

/*!40101 SET @OLD_CHARACTER_SET_CLIENT=@@CHARACTER_SET_CLIENT */;
/*!40101 SET @OLD_CHARACTER_SET_RESULTS=@@CHARACTER_SET_RESULTS */;
/*!40101 SET @OLD_COLLATION_CONNECTION=@@COLLATION_CONNECTION */;
/*!40101 SET NAMES utf8 */;
/*!40103 SET @OLD_TIME_ZONE=@@TIME_ZONE */;
/*!40103 SET TIME_ZONE='+00:00' */;
/*!40014 SET @OLD_UNIQUE_CHECKS=@@UNIQUE_CHECKS, UNIQUE_CHECKS=0 */;
/*!40014 SET @OLD_FOREIGN_KEY_CHECKS=@@FOREIGN_KEY_CHECKS, FOREIGN_KEY_CHECKS=0 */;
/*!40101 SET @OLD_SQL_MODE=@@SQL_MODE, SQL_MODE='NO_AUTO_VALUE_ON_ZERO' */;
/*!40111 SET @OLD_SQL_NOTES=@@SQL_NOTES, SQL_NOTES=0 */;

--
-- Table structure for table `keyword`
--

DROP TABLE IF EXISTS `keyword`;
/*!40101 SET @saved_cs_client     = @@character_set_client */;
/*!40101 SET character_set_client = utf8 */;
CREATE TABLE `keyword` (
  `dbid` int(11) NOT NULL,
  `modelid` varchar(255) NOT NULL,
  `keyword` varchar(255) NOT NULL,
  `createdate` datetime NOT NULL,
  PRIMARY KEY (`dbid`,`modelid`,`keyword`)
) ENGINE=InnoDB DEFAULT CHARSET=utf8;
/*!40101 SET character_set_client = @saved_cs_client */;

--
-- Dumping data for table `keyword`
--

LOCK TABLES `keyword` WRITE;
/*!40000 ALTER TABLE `keyword` DISABLE KEYS */;
INSERT INTO `keyword` VALUES (1,'141','Basal ganglia','2015-09-14 13:43:27'),(1,'141','brain','2015-09-14 13:43:27'),(1,'141','cell group','2015-09-14 13:43:27'),(1,'141','cells','2015-09-14 13:43:27'),(1,'141','cerebral cortex','2015-09-14 13:43:27'),(1,'141','cortex','2015-09-14 13:43:27'),(1,'141','globus pallidus','2015-09-14 13:43:27'),(1,'141','intermediate nucleus','2015-09-14 13:43:27'),(1,'141','limb','2015-09-14 13:43:27'),(1,'141','Neuron','2015-09-14 13:43:27'),(1,'141','pallidum','2015-09-14 13:43:27'),(1,'141','scale','2015-09-14 13:43:27'),(1,'141','sensorimotor','2015-09-14 13:43:27'),(1,'141','striatum','2015-09-14 13:43:27'),(1,'141','subthalamic nucleus','2015-09-14 13:43:27'),(1,'141','Thalamus','2015-09-14 13:43:27'),(1,'141','zona incerta','2015-09-14 13:43:27'),(1,'145','Basal ganglia','2015-09-14 13:43:27'),(1,'145','brain','2015-09-14 13:43:27'),(1,'145','cell group','2015-09-14 13:43:27'),(1,'145','cells','2015-09-14 13:43:27'),(1,'145','cerebral cortex','2015-09-14 13:43:27'),(1,'145','cortex','2015-09-14 13:43:27'),(1,'145','globus pallidus','2015-09-14 13:43:27'),(1,'145','intermediate nucleus','2015-09-14 13:43:27'),(1,'145','limb','2015-09-14 13:43:27'),(1,'145','Neuron','2015-09-14 13:43:27'),(1,'145','pallidum','2015-09-14 13:43:27'),(1,'145','scale','2015-09-14 13:43:27'),(1,'145','sensorimotor','2015-09-14 13:43:27'),(1,'145','striatum','2015-09-14 13:43:27'),(1,'145','subthalamic nucleus','2015-09-14 13:43:27'),(1,'145','Thalamus','2015-09-14 13:43:27'),(1,'145','zona incerta','2015-09-14 13:43:27'),(1,'433','digit','2015-09-14 13:43:27'),(1,'433','ear','2015-09-14 13:43:27'),(1,'433','fin','2015-09-14 13:43:27'),(1,'433','hump','2015-09-14 13:43:27'),(1,'433','nerve','2015-09-14 13:43:27'),(1,'433','scale','2015-09-14 13:43:27'),(1,'433','tail','2015-09-14 13:43:27'),(1,'433','tissues','2015-09-14 13:43:27'),(1,'434','cells','2015-09-14 13:43:27'),(1,'434','face','2015-09-14 13:43:27'),(1,'434','heart','2015-09-14 13:43:27'),(1,'434','mole','2015-09-14 13:43:27'),(1,'434','myocardium','2015-09-14 13:43:27'),(1,'434','nerve','2015-09-14 13:43:27'),(1,'434','tail','2015-09-14 13:43:27'),(1,'434','tissue','2015-09-14 13:43:27'),(1,'434','tissues','2015-09-14 13:43:27'),(1,'434','trabecula','2015-09-14 13:43:27'),(1,'435','atrioventricular node','2015-09-14 13:43:27'),(1,'435','brain','2015-09-14 13:43:27'),(1,'435','Cell','2015-09-14 13:43:27'),(1,'435','embryo','2015-09-14 13:43:27'),(1,'435','head','2015-09-14 13:43:27'),(1,'435','heart','2015-09-14 13:43:27'),(1,'435','muscle cells','2015-09-14 13:43:27'),(1,'435','nerve','2015-09-14 13:43:27'),(1,'435','scale','2015-09-14 13:43:27'),(1,'435','tail','2015-09-14 13:43:27'),(1,'435','tissue','2015-09-14 13:43:27'),(1,'442','brain','2015-09-14 13:43:27'),(1,'442','brainstem','2015-09-14 13:43:27'),(1,'442','cells','2015-09-14 13:43:27'),(1,'442','cortex','2015-09-14 13:43:27'),(1,'442','extension','2015-09-14 13:43:27'),(1,'442','extensor digitorum longus','2015-09-14 13:43:27'),(1,'442','forelimb','2015-09-14 13:43:27'),(1,'442','forelimbs','2015-09-14 13:43:27'),(1,'442','gastrocnemius','2015-09-14 13:43:27'),(1,'442','hindlimb','2015-09-14 13:43:27'),(1,'442','hip','2015-09-14 13:43:27'),(1,'442','knee','2015-09-14 13:43:27'),(1,'442','limb','2015-09-14 13:43:27'),(1,'442','midbrain','2015-09-14 13:43:27'),(1,'442','nerves','2015-09-14 13:43:27'),(1,'442','nervous system','2015-09-14 13:43:27'),(1,'442','neurons','2015-09-14 13:43:27'),(1,'442','peroneus','2015-09-14 13:43:27'),(1,'442','plantaris','2015-09-14 13:43:27'),(1,'442','scale','2015-09-14 13:43:27'),(1,'442','sensorimotor','2015-09-14 13:43:27'),(1,'442','spinal cord','2015-09-14 13:43:27'),(1,'442','tibialis','2015-09-14 13:43:27'),(1,'442','tibialis anterior','2015-09-14 13:43:27'),(1,'443','brain','2015-09-14 13:43:27'),(1,'443','brainstem','2015-09-14 13:43:27'),(1,'443','cells','2015-09-14 13:43:27'),(1,'443','cortex','2015-09-14 13:43:27'),(1,'443','extension','2015-09-14 13:43:27'),(1,'443','extensor digitorum longus','2015-09-14 13:43:27'),(1,'443','forelimb','2015-09-14 13:43:27'),(1,'443','forelimbs','2015-09-14 13:43:27'),(1,'443','gastrocnemius','2015-09-14 13:43:27'),(1,'443','hindlimb','2015-09-14 13:43:27'),(1,'443','hip','2015-09-14 13:43:27'),(1,'443','knee','2015-09-14 13:43:27'),(1,'443','limb','2015-09-14 13:43:27'),(1,'443','midbrain','2015-09-14 13:43:27'),(1,'443','nerves','2015-09-14 13:43:27'),(1,'443','nervous system','2015-09-14 13:43:27'),(1,'443','neurons','2015-09-14 13:43:27'),(1,'443','peroneus','2015-09-14 13:43:27'),(1,'443','plantaris','2015-09-14 13:43:27'),(1,'443','scale','2015-09-14 13:43:27'),(1,'443','sensorimotor','2015-09-14 13:43:27'),(1,'443','spinal cord','2015-09-14 13:43:27'),(1,'443','tibialis','2015-09-14 13:43:27'),(1,'443','tibialis anterior','2015-09-14 13:43:27'),(1,'444','brain','2015-09-14 13:43:27'),(1,'444','brainstem','2015-09-14 13:43:27'),(1,'444','cells','2015-09-14 13:43:27'),(1,'444','cortex','2015-09-14 13:43:27'),(1,'444','extension','2015-09-14 13:43:27'),(1,'444','extensor digitorum longus','2015-09-14 13:43:27'),(1,'444','forelimb','2015-09-14 13:43:27'),(1,'444','forelimbs','2015-09-14 13:43:27'),(1,'444','gastrocnemius','2015-09-14 13:43:27'),(1,'444','hindlimb','2015-09-14 13:43:27'),(1,'444','hip','2015-09-14 13:43:27'),(1,'444','knee','2015-09-14 13:43:27'),(1,'444','limb','2015-09-14 13:43:27'),(1,'444','midbrain','2015-09-14 13:43:27'),(1,'444','nerves','2015-09-14 13:43:27'),(1,'444','nervous system','2015-09-14 13:43:27'),(1,'444','neurons','2015-09-14 13:43:27'),(1,'444','peroneus','2015-09-14 13:43:27'),(1,'444','plantaris','2015-09-14 13:43:27'),(1,'444','scale','2015-09-14 13:43:27'),(1,'444','sensorimotor','2015-09-14 13:43:27'),(1,'444','spinal cord','2015-09-14 13:43:27'),(1,'444','tibialis','2015-09-14 13:43:27'),(1,'444','tibialis anterior','2015-09-14 13:43:27'),(1,'453','brain','2015-09-14 13:43:27'),(1,'453','Cell','2015-09-14 13:43:27'),(1,'453','heart','2015-09-14 13:43:27'),(1,'453','helix','2015-09-14 13:43:27'),(1,'453','nerve','2015-09-14 13:43:27'),(1,'453','Neuron','2015-09-14 13:43:27'),(1,'453','organ','2015-09-14 13:43:27'),(1,'453','pore','2015-09-14 13:43:27'),(1,'453','tissue','2015-09-14 13:43:27'),(1,'454','brain','2015-09-14 13:43:27'),(1,'454','brainstem','2015-09-14 13:43:27'),(1,'454','cells','2015-09-14 13:43:27'),(1,'454','cortex','2015-09-14 13:43:27'),(1,'454','extension','2015-09-14 13:43:27'),(1,'454','extensor digitorum longus','2015-09-14 13:43:27'),(1,'454','forelimb','2015-09-14 13:43:27'),(1,'454','forelimbs','2015-09-14 13:43:27'),(1,'454','gastrocnemius','2015-09-14 13:43:27'),(1,'454','hindlimb','2015-09-14 13:43:27'),(1,'454','hip','2015-09-14 13:43:27'),(1,'454','knee','2015-09-14 13:43:27'),(1,'454','limb','2015-09-14 13:43:27'),(1,'454','midbrain','2015-09-14 13:43:27'),(1,'454','nerves','2015-09-14 13:43:27'),(1,'454','nervous system','2015-09-14 13:43:27'),(1,'454','neurons','2015-09-14 13:43:27'),(1,'454','peroneus','2015-09-14 13:43:27'),(1,'454','plantaris','2015-09-14 13:43:27'),(1,'454','scale','2015-09-14 13:43:27'),(1,'454','sensorimotor','2015-09-14 13:43:27'),(1,'454','spinal cord','2015-09-14 13:43:27'),(1,'454','tibialis','2015-09-14 13:43:27'),(1,'454','tibialis anterior','2015-09-14 13:43:27'),(1,'457','brain','2015-09-14 13:43:27'),(1,'457','Cell','2015-09-14 13:43:27'),(1,'457','heart','2015-09-14 13:43:27'),(1,'457','helix','2015-09-14 13:43:27'),(1,'457','nerve','2015-09-14 13:43:27'),(1,'457','Neuron','2015-09-14 13:43:27'),(1,'457','organ','2015-09-14 13:43:27'),(1,'457','pore','2015-09-14 13:43:27'),(1,'457','tissue','2015-09-14 13:43:27'),(1,'458','brain','2015-09-14 13:43:27'),(1,'458','CA1','2015-09-14 13:43:27'),(1,'458','CA3','2015-09-14 13:43:27'),(1,'458','cells','2015-09-14 13:43:27'),(1,'458','cortex','2015-09-14 13:43:27'),(1,'458','hip','2015-09-14 13:43:27'),(1,'458','neocortex','2015-09-14 13:43:27'),(1,'458','nerve','2015-09-14 13:43:27'),(1,'458','nervous system','2015-09-14 13:43:27'),(1,'458','neurons','2015-09-14 13:43:27'),(1,'458','pus','2015-09-14 13:43:27'),(1,'458','pyramidal cells','2015-09-14 13:43:27'),(1,'458','scale','2015-09-14 13:43:27'),(1,'458','striatum','2015-09-14 13:43:27'),(1,'458','thalamic reticular nucleus','2015-09-14 13:43:27'),(1,'458','tissue','2015-09-14 13:43:27'),(1,'458','visual cortex','2015-09-14 13:43:27'),(1,'463','bodies','2015-09-14 13:43:27'),(1,'463','brain','2015-09-14 13:43:27'),(1,'463','CA1','2015-09-14 13:43:27'),(1,'463','cells','2015-09-14 13:43:27'),(1,'463','cortex','2015-09-14 13:43:27'),(1,'463','crest','2015-09-14 13:43:27'),(1,'463','ear','2015-09-14 13:43:27'),(1,'463','extension','2015-09-14 13:43:27'),(1,'463','ganglion','2015-09-14 13:43:27'),(1,'463','nerve','2015-09-14 13:43:27'),(1,'463','neurons','2015-09-14 13:43:27'),(1,'463','scale','2015-09-14 13:43:27'),(1,'464','bodies','2015-09-14 13:43:27'),(1,'464','brain','2015-09-14 13:43:27'),(1,'464','CA1','2015-09-14 13:43:27'),(1,'464','cells','2015-09-14 13:43:27'),(1,'464','cortex','2015-09-14 13:43:27'),(1,'464','crest','2015-09-14 13:43:27'),(1,'464','ear','2015-09-14 13:43:27'),(1,'464','extension','2015-09-14 13:43:27'),(1,'464','ganglion','2015-09-14 13:43:27'),(1,'464','nerve','2015-09-14 13:43:27'),(1,'464','neurons','2015-09-14 13:43:27'),(1,'464','scale','2015-09-14 13:43:27'),(1,'465','brain','2015-09-14 13:43:27'),(1,'465','CA1','2015-09-14 13:43:27'),(1,'465','CA3','2015-09-14 13:43:27'),(1,'465','cells','2015-09-14 13:43:27'),(1,'465','cortex','2015-09-14 13:43:27'),(1,'465','hip','2015-09-14 13:43:27'),(1,'465','neocortex','2015-09-14 13:43:27'),(1,'465','nerve','2015-09-14 13:43:27'),(1,'465','nervous system','2015-09-14 13:43:27'),(1,'465','neurons','2015-09-14 13:43:27'),(1,'465','pus','2015-09-14 13:43:27'),(1,'465','pyramidal cells','2015-09-14 13:43:27'),(1,'465','scale','2015-09-14 13:43:27'),(1,'465','striatum','2015-09-14 13:43:27'),(1,'465','thalamic reticular nucleus','2015-09-14 13:43:27'),(1,'465','tissue','2015-09-14 13:43:27'),(1,'465','visual cortex','2015-09-14 13:43:27'),(1,'466','blood','2015-09-14 13:43:27'),(1,'466','Cell','2015-09-14 13:43:27'),(1,'466','cell cluster','2015-09-14 13:43:27'),(1,'466','extension','2015-09-14 13:43:27'),(1,'466','heart','2015-09-14 13:43:27'),(1,'466','knee','2015-09-14 13:43:27'),(1,'466','nerve','2015-09-14 13:43:27'),(1,'466','neurons','2015-09-14 13:43:27'),(1,'466','pancreas','2015-09-14 13:43:27'),(1,'466','scale','2015-09-14 13:43:27'),(1,'467','artery','2015-09-14 13:43:27'),(1,'467','Cell','2015-09-14 13:43:27'),(1,'467','face','2015-09-14 13:43:27'),(1,'467','ganglion','2015-09-14 13:43:27'),(1,'467','mesenteric artery','2015-09-14 13:43:27'),(1,'467','mouth','2015-09-14 13:43:27'),(1,'467','muscle cells','2015-09-14 13:43:27'),(1,'467','neurons','2015-09-14 13:43:27'),(1,'467','pore','2015-09-14 13:43:27'),(1,'467','scale','2015-09-14 13:43:27'),(1,'467','shell','2015-09-14 13:43:27'),(1,'467','smooth muscle cells','2015-09-14 13:43:27'),(1,'468','Cell','2015-09-14 13:43:27'),(1,'468','knee','2015-09-14 13:43:27'),(1,'468','mouth','2015-09-14 13:43:27'),(1,'468','scale','2015-09-14 13:43:27'),(1,'470','digit','2015-09-14 13:43:27'),(1,'470','ear','2015-09-14 13:43:27'),(1,'470','fin','2015-09-14 13:43:27'),(1,'470','hump','2015-09-14 13:43:27'),(1,'470','nerve','2015-09-14 13:43:27'),(1,'470','scale','2015-09-14 13:43:27'),(1,'470','tail','2015-09-14 13:43:27'),(1,'470','tissues','2015-09-14 13:43:27'),(1,'471','digit','2015-09-14 13:43:27'),(1,'471','ear','2015-09-14 13:43:27'),(1,'471','fin','2015-09-14 13:43:27'),(1,'471','hump','2015-09-14 13:43:27'),(1,'471','nerve','2015-09-14 13:43:27'),(1,'471','scale','2015-09-14 13:43:27'),(1,'471','tail','2015-09-14 13:43:27'),(1,'471','tissues','2015-09-14 13:43:27'),(1,'472','digit','2015-09-14 13:43:27'),(1,'472','ear','2015-09-14 13:43:27'),(1,'472','fin','2015-09-14 13:43:27'),(1,'472','hump','2015-09-14 13:43:27'),(1,'472','nerve','2015-09-14 13:43:27'),(1,'472','scale','2015-09-14 13:43:27'),(1,'472','tail','2015-09-14 13:43:27'),(1,'472','tissues','2015-09-14 13:43:27'),(1,'473','Cell','2015-09-14 13:43:27'),(1,'473','heart','2015-09-14 13:43:27'),(1,'473','nerve','2015-09-14 13:43:27'),(1,'473','nerve fiber','2015-09-14 13:43:27'),(1,'473','Neuron','2015-09-14 13:43:27'),(1,'473','tissues','2015-09-14 13:43:27'),(1,'473','tube','2015-09-14 13:43:27'),(1,'477','blood','2015-09-14 13:43:27'),(1,'477','Cell','2015-09-14 13:43:27'),(1,'477','extension','2015-09-14 13:43:27'),(1,'477','nerve','2015-09-14 13:43:27'),(1,'477','neurons','2015-09-14 13:43:27'),(1,'477','scale','2015-09-14 13:43:27'),(1,'477','tissues','2015-09-14 13:43:27'),(1,'478','brain','2015-09-14 13:43:27'),(1,'478','Cell','2015-09-14 13:43:27'),(1,'478','cell clusters','2015-09-14 13:43:27'),(1,'478','epithelial cells','2015-09-14 13:43:27'),(1,'478','kidney','2015-09-14 13:43:27'),(1,'478','scale','2015-09-14 13:43:27'),(1,'478','serum','2015-09-14 13:43:27'),(1,'478','tissue','2015-09-14 13:43:27'),(1,'478','tissues','2015-09-14 13:43:27'),(1,'481','brain','2015-09-14 13:43:27'),(1,'481','brainstem','2015-09-14 13:43:27'),(1,'481','cells','2015-09-14 13:43:27'),(1,'481','cortex','2015-09-14 13:43:27'),(1,'481','extension','2015-09-14 13:43:27'),(1,'481','extensor digitorum longus','2015-09-14 13:43:27'),(1,'481','forelimb','2015-09-14 13:43:27'),(1,'481','forelimbs','2015-09-14 13:43:27'),(1,'481','gastrocnemius','2015-09-14 13:43:27'),(1,'481','hindlimb','2015-09-14 13:43:27'),(1,'481','hip','2015-09-14 13:43:27'),(1,'481','knee','2015-09-14 13:43:27'),(1,'481','limb','2015-09-14 13:43:27'),(1,'481','midbrain','2015-09-14 13:43:27'),(1,'481','nerves','2015-09-14 13:43:27'),(1,'481','nervous system','2015-09-14 13:43:27'),(1,'481','neurons','2015-09-14 13:43:27'),(1,'481','peroneus','2015-09-14 13:43:27'),(1,'481','plantaris','2015-09-14 13:43:27'),(1,'481','scale','2015-09-14 13:43:27'),(1,'481','sensorimotor','2015-09-14 13:43:27'),(1,'481','spinal cord','2015-09-14 13:43:27'),(1,'481','tibialis','2015-09-14 13:43:27'),(1,'481','tibialis anterior','2015-09-14 13:43:27'),(1,'482','Brain','2015-09-14 13:43:27'),(1,'482','Cell','2015-09-14 13:43:27'),(1,'482','Eye','2015-09-14 13:43:27'),(1,'482','Neuron','2015-09-14 13:43:27'),(1,'482','retina','2015-09-14 13:43:27'),(1,'486','ankle joint','2015-09-14 13:43:27'),(1,'486','Body','2015-09-14 13:43:27'),(1,'486','brain','2015-09-14 13:43:27'),(1,'486','central nervous system','2015-09-14 13:43:27'),(1,'486','extension','2015-09-14 13:43:27'),(1,'486','eye','2015-09-14 13:43:27'),(1,'486','faces','2015-09-14 13:43:27'),(1,'486','gastrocnemius','2015-09-14 13:43:27'),(1,'486','heads','2015-09-14 13:43:27'),(1,'486','ligament','2015-09-14 13:43:27'),(1,'486','nervous system','2015-09-14 13:43:27'),(1,'486','scale','2015-09-14 13:43:27'),(1,'486','Sensorimotor','2015-09-14 13:43:27'),(1,'486','tail','2015-09-14 13:43:27'),(1,'486','tendon','2015-09-14 13:43:27'),(1,'486','tip','2015-09-14 13:43:27'),(1,'487','ankle joint','2015-09-14 13:43:27'),(1,'487','Body','2015-09-14 13:43:27'),(1,'487','brain','2015-09-14 13:43:27'),(1,'487','central nervous system','2015-09-14 13:43:27'),(1,'487','extension','2015-09-14 13:43:27'),(1,'487','eye','2015-09-14 13:43:27'),(1,'487','faces','2015-09-14 13:43:27'),(1,'487','gastrocnemius','2015-09-14 13:43:27'),(1,'487','heads','2015-09-14 13:43:27'),(1,'487','ligament','2015-09-14 13:43:27'),(1,'487','nervous system','2015-09-14 13:43:27'),(1,'487','scale','2015-09-14 13:43:27'),(1,'487','Sensorimotor','2015-09-14 13:43:27'),(1,'487','tail','2015-09-14 13:43:27'),(1,'487','tendon','2015-09-14 13:43:27'),(1,'487','tip','2015-09-14 13:43:27'),(1,'488','ankle joint','2015-09-14 13:43:27'),(1,'488','Body','2015-09-14 13:43:27'),(1,'488','brain','2015-09-14 13:43:27'),(1,'488','central nervous system','2015-09-14 13:43:27'),(1,'488','extension','2015-09-14 13:43:27'),(1,'488','eye','2015-09-14 13:43:27'),(1,'488','faces','2015-09-14 13:43:27'),(1,'488','gastrocnemius','2015-09-14 13:43:27'),(1,'488','heads','2015-09-14 13:43:27'),(1,'488','ligament','2015-09-14 13:43:27'),(1,'488','nervous system','2015-09-14 13:43:27'),(1,'488','scale','2015-09-14 13:43:27'),(1,'488','Sensorimotor','2015-09-14 13:43:27'),(1,'488','tail','2015-09-14 13:43:27'),(1,'488','tendon','2015-09-14 13:43:27'),(1,'488','tip','2015-09-14 13:43:27'),(1,'489','ankle joint','2015-09-14 13:43:27'),(1,'489','Body','2015-09-14 13:43:27'),(1,'489','brain','2015-09-14 13:43:27'),(1,'489','central nervous system','2015-09-14 13:43:27'),(1,'489','extension','2015-09-14 13:43:27'),(1,'489','eye','2015-09-14 13:43:27'),(1,'489','faces','2015-09-14 13:43:27'),(1,'489','gastrocnemius','2015-09-14 13:43:27'),(1,'489','heads','2015-09-14 13:43:27'),(1,'489','ligament','2015-09-14 13:43:27'),(1,'489','nervous system','2015-09-14 13:43:27'),(1,'489','scale','2015-09-14 13:43:27'),(1,'489','Sensorimotor','2015-09-14 13:43:27'),(1,'489','tail','2015-09-14 13:43:27'),(1,'489','tendon','2015-09-14 13:43:27'),(1,'489','tip','2015-09-14 13:43:27'),(1,'490','Cell','2015-09-14 13:43:27'),(1,'490','ear','2015-09-14 13:43:27'),(1,'491','Cell','2015-09-14 13:43:27'),(1,'491','ear','2015-09-14 13:43:27'),(1,'494','Cell','2015-09-14 13:43:27'),(1,'494','central nervous system','2015-09-14 13:43:27'),(1,'494','embryo','2015-09-14 13:43:27'),(1,'494','hands','2015-09-14 13:43:27'),(1,'494','head','2015-09-14 13:43:27'),(1,'494','heart','2015-09-14 13:43:27'),(1,'494','mesoderm','2015-09-14 13:43:27'),(1,'494','mole','2015-09-14 13:43:27'),(1,'494','nervous system','2015-09-14 13:43:27'),(1,'494','presomitic mesoderm','2015-09-14 13:43:27'),(1,'494','somite','2015-09-14 13:43:27'),(1,'494','tail','2015-09-14 13:43:27'),(1,'494','tissue','2015-09-14 13:43:27'),(1,'494','tissues','2015-09-14 13:43:27'),(1,'495','cells','2015-09-14 13:43:27'),(1,'495','ducts','2015-09-14 13:43:27'),(1,'495','ear','2015-09-14 13:43:27'),(1,'495','extension','2015-09-14 13:43:27'),(1,'495','head','2015-09-14 13:43:27'),(1,'495','heads','2015-09-14 13:43:27'),(1,'495','heart','2015-09-14 13:43:27'),(1,'495','nerve','2015-09-14 13:43:27'),(1,'495','organ','2015-09-14 13:43:27'),(1,'495','scale','2015-09-14 13:43:27'),(1,'495','tail','2015-09-14 13:43:27'),(1,'495','tissue','2015-09-14 13:43:27'),(1,'495','tissues','2015-09-14 13:43:27'),(1,'496','cells','2015-09-14 13:43:27'),(1,'496','ducts','2015-09-14 13:43:27'),(1,'496','ear','2015-09-14 13:43:27'),(1,'496','extension','2015-09-14 13:43:27'),(1,'496','head','2015-09-14 13:43:27'),(1,'496','heads','2015-09-14 13:43:27'),(1,'496','heart','2015-09-14 13:43:27'),(1,'496','nerve','2015-09-14 13:43:27'),(1,'496','organ','2015-09-14 13:43:27'),(1,'496','scale','2015-09-14 13:43:27'),(1,'496','tail','2015-09-14 13:43:27'),(1,'496','tissue','2015-09-14 13:43:27'),(1,'496','tissues','2015-09-14 13:43:27'),(1,'497','bodies','2015-09-14 13:43:27'),(1,'497','brain','2015-09-14 13:43:27'),(1,'497','CA1','2015-09-14 13:43:27'),(1,'497','cells','2015-09-14 13:43:27'),(1,'497','cortex','2015-09-14 13:43:27'),(1,'497','crest','2015-09-14 13:43:27'),(1,'497','ear','2015-09-14 13:43:27'),(1,'497','extension','2015-09-14 13:43:27'),(1,'497','ganglion','2015-09-14 13:43:27'),(1,'497','nerve','2015-09-14 13:43:27'),(1,'497','neurons','2015-09-14 13:43:27'),(1,'497','scale','2015-09-14 13:43:27'),(1,'498','brain','2015-09-14 13:43:27'),(1,'498','CA3','2015-09-14 13:43:27'),(1,'498','horn','2015-09-14 13:43:27'),(1,'498','knee','2015-09-14 13:43:27'),(1,'498','neurons','2015-09-14 13:43:27'),(1,'498','shoulder','2015-09-14 13:43:27'),(1,'498','spinal cord','2015-09-14 13:43:27'),(1,'498','venom','2015-09-14 13:43:27'),(1,'500','abdominal ganglion','2015-09-14 13:43:27'),(1,'500','cells','2015-09-14 13:43:27'),(1,'500','central nervous systems','2015-09-14 13:43:27'),(1,'500','ganglion','2015-09-14 13:43:27'),(1,'500','nerve','2015-09-14 13:43:27'),(1,'500','nerve fibers','2015-09-14 13:43:27'),(1,'500','nervous systems','2015-09-14 13:43:27'),(1,'500','Neuron','2015-09-14 13:43:27'),(1,'500','valves','2015-09-14 13:43:27'),(1,'505','brain','2015-09-14 13:43:27'),(1,'505','cortex','2015-09-14 13:43:27'),(1,'505','face','2015-09-14 13:43:27'),(1,'505','heart','2015-09-14 13:43:27'),(1,'505','Hippocampus','2015-09-14 13:43:27'),(1,'505','knee','2015-09-14 13:43:27'),(1,'505','nerve','2015-09-14 13:43:27'),(1,'505','nervous system','2015-09-14 13:43:27'),(1,'505','Neuron','2015-09-14 13:43:27'),(1,'505','thalamic reticular nucleus','2015-09-14 13:43:27'),(1,'505','visual cortex','2015-09-14 13:43:27'),(1,'506','brain','2015-09-14 13:43:27'),(1,'506','cortex','2015-09-14 13:43:27'),(1,'506','face','2015-09-14 13:43:27'),(1,'506','heart','2015-09-14 13:43:27'),(1,'506','Hippocampus','2015-09-14 13:43:27'),(1,'506','knee','2015-09-14 13:43:27'),(1,'506','nerve','2015-09-14 13:43:27'),(1,'506','nervous system','2015-09-14 13:43:27'),(1,'506','Neuron','2015-09-14 13:43:27'),(1,'506','thalamic reticular nucleus','2015-09-14 13:43:27'),(1,'506','visual cortex','2015-09-14 13:43:27'),(1,'507','brain','2015-09-14 13:43:27'),(1,'507','cortex','2015-09-14 13:43:27'),(1,'507','face','2015-09-14 13:43:27'),(1,'507','heart','2015-09-14 13:43:27'),(1,'507','Hippocampus','2015-09-14 13:43:27'),(1,'507','knee','2015-09-14 13:43:27'),(1,'507','nerve','2015-09-14 13:43:27'),(1,'507','nervous system','2015-09-14 13:43:27'),(1,'507','Neuron','2015-09-14 13:43:27'),(1,'507','thalamic reticular nucleus','2015-09-14 13:43:27'),(1,'507','visual cortex','2015-09-14 13:43:27'),(1,'508','brain','2015-09-14 13:43:27'),(1,'508','cortex','2015-09-14 13:43:27'),(1,'508','face','2015-09-14 13:43:27'),(1,'508','heart','2015-09-14 13:43:27'),(1,'508','Hippocampus','2015-09-14 13:43:27'),(1,'508','knee','2015-09-14 13:43:27'),(1,'508','nerve','2015-09-14 13:43:27'),(1,'508','nervous system','2015-09-14 13:43:27'),(1,'508','Neuron','2015-09-14 13:43:27'),(1,'508','thalamic reticular nucleus','2015-09-14 13:43:27'),(1,'508','visual cortex','2015-09-14 13:43:27'),(1,'510','cells','2015-09-14 13:43:27'),(1,'510','endocardium','2015-09-14 13:43:27'),(1,'510','epicardium','2015-09-14 13:43:27'),(1,'510','heads','2015-09-14 13:43:27'),(1,'510','heart','2015-09-14 13:43:27'),(1,'510','mesocardium','2015-09-14 13:43:27'),(1,'510','myocardium','2015-09-14 13:43:27'),(1,'510','pore','2015-09-14 13:43:27'),(1,'510','scale','2015-09-14 13:43:27'),(1,'510','tissue','2015-09-14 13:43:27'),(1,'511','cells','2015-09-14 13:43:27'),(1,'511','endocardium','2015-09-14 13:43:27'),(1,'511','epicardium','2015-09-14 13:43:27'),(1,'511','heads','2015-09-14 13:43:27'),(1,'511','heart','2015-09-14 13:43:27'),(1,'511','mesocardium','2015-09-14 13:43:27'),(1,'511','myocardium','2015-09-14 13:43:27'),(1,'511','pore','2015-09-14 13:43:27'),(1,'511','scale','2015-09-14 13:43:27'),(1,'511','tissue','2015-09-14 13:43:27'),(1,'512','cells','2015-09-14 13:43:27'),(1,'512','endocardium','2015-09-14 13:43:27'),(1,'512','epicardium','2015-09-14 13:43:27'),(1,'512','heads','2015-09-14 13:43:27'),(1,'512','heart','2015-09-14 13:43:27'),(1,'512','mesocardium','2015-09-14 13:43:27'),(1,'512','myocardium','2015-09-14 13:43:27'),(1,'512','pore','2015-09-14 13:43:27'),(1,'512','scale','2015-09-14 13:43:27'),(1,'512','tissue','2015-09-14 13:43:27'),(1,'513','cells','2015-09-14 13:43:27'),(1,'513','endocardium','2015-09-14 13:43:27'),(1,'513','epicardium','2015-09-14 13:43:27'),(1,'513','heads','2015-09-14 13:43:27'),(1,'513','heart','2015-09-14 13:43:27'),(1,'513','mesocardium','2015-09-14 13:43:27'),(1,'513','myocardium','2015-09-14 13:43:27'),(1,'513','pore','2015-09-14 13:43:27'),(1,'513','scale','2015-09-14 13:43:27'),(1,'513','tissue','2015-09-14 13:43:27'),(1,'514','cells','2015-09-14 13:43:27'),(1,'514','endocardium','2015-09-14 13:43:27'),(1,'514','epicardium','2015-09-14 13:43:27'),(1,'514','heads','2015-09-14 13:43:27'),(1,'514','heart','2015-09-14 13:43:27'),(1,'514','mesocardium','2015-09-14 13:43:27'),(1,'514','myocardium','2015-09-14 13:43:27'),(1,'514','pore','2015-09-14 13:43:27'),(1,'514','scale','2015-09-14 13:43:27'),(1,'514','tissue','2015-09-14 13:43:27'),(1,'515','cells','2015-09-14 13:43:27'),(1,'515','endocardium','2015-09-14 13:43:27'),(1,'515','epicardium','2015-09-14 13:43:27'),(1,'515','heads','2015-09-14 13:43:27'),(1,'515','heart','2015-09-14 13:43:27'),(1,'515','mesocardium','2015-09-14 13:43:27'),(1,'515','myocardium','2015-09-14 13:43:27'),(1,'515','pore','2015-09-14 13:43:27'),(1,'515','scale','2015-09-14 13:43:27'),(1,'515','tissue','2015-09-14 13:43:27'),(1,'516','cells','2015-09-14 13:43:27'),(1,'516','endocardium','2015-09-14 13:43:27'),(1,'516','epicardium','2015-09-14 13:43:27'),(1,'516','heads','2015-09-14 13:43:27'),(1,'516','heart','2015-09-14 13:43:27'),(1,'516','mesocardium','2015-09-14 13:43:27'),(1,'516','myocardium','2015-09-14 13:43:27'),(1,'516','pore','2015-09-14 13:43:27'),(1,'516','scale','2015-09-14 13:43:27'),(1,'516','tissue','2015-09-14 13:43:27'),(1,'517','cells','2015-09-14 13:43:27'),(1,'517','endocardium','2015-09-14 13:43:27'),(1,'517','epicardium','2015-09-14 13:43:27'),(1,'517','heads','2015-09-14 13:43:27'),(1,'517','heart','2015-09-14 13:43:27'),(1,'517','mesocardium','2015-09-14 13:43:27'),(1,'517','myocardium','2015-09-14 13:43:27'),(1,'517','pore','2015-09-14 13:43:27'),(1,'517','scale','2015-09-14 13:43:27'),(1,'517','tissue','2015-09-14 13:43:27'),(1,'518','cells','2015-09-14 13:43:27'),(1,'518','endocardium','2015-09-14 13:43:27'),(1,'518','epicardium','2015-09-14 13:43:27'),(1,'518','heads','2015-09-14 13:43:27'),(1,'518','heart','2015-09-14 13:43:27'),(1,'518','mesocardium','2015-09-14 13:43:27'),(1,'518','myocardium','2015-09-14 13:43:27'),(1,'518','pore','2015-09-14 13:43:27'),(1,'518','scale','2015-09-14 13:43:27'),(1,'518','tissue','2015-09-14 13:43:27'),(1,'519','cells','2015-09-14 13:43:27'),(1,'519','endocardium','2015-09-14 13:43:27'),(1,'519','epicardium','2015-09-14 13:43:27'),(1,'519','heads','2015-09-14 13:43:27'),(1,'519','heart','2015-09-14 13:43:27'),(1,'519','mesocardium','2015-09-14 13:43:27'),(1,'519','myocardium','2015-09-14 13:43:27'),(1,'519','pore','2015-09-14 13:43:27'),(1,'519','scale','2015-09-14 13:43:27'),(1,'519','tissue','2015-09-14 13:43:27'),(1,'520','cardiovascular system','2015-09-14 13:43:27'),(1,'520','cell layer','2015-09-14 13:43:27'),(1,'520','cells','2015-09-14 13:43:27'),(1,'520','endocardium','2015-09-14 13:43:27'),(1,'520','epicardium','2015-09-14 13:43:27'),(1,'520','heart','2015-09-14 13:43:27'),(1,'520','myocardial layer','2015-09-14 13:43:27'),(1,'520','myocardium','2015-09-14 13:43:27'),(1,'520','septum','2015-09-14 13:43:27'),(1,'520','tail','2015-09-14 13:43:27'),(1,'520','tissue','2015-09-14 13:43:27'),(1,'521','cells','2015-09-14 13:43:27'),(1,'521','endocardium','2015-09-14 13:43:27'),(1,'521','epicardium','2015-09-14 13:43:27'),(1,'521','heads','2015-09-14 13:43:27'),(1,'521','heart','2015-09-14 13:43:27'),(1,'521','mesocardium','2015-09-14 13:43:27'),(1,'521','myocardium','2015-09-14 13:43:27'),(1,'521','pore','2015-09-14 13:43:27'),(1,'521','scale','2015-09-14 13:43:27'),(1,'521','tissue','2015-09-14 13:43:27'),(1,'522','cardiovascular system','2015-09-14 13:43:27'),(1,'522','cell layer','2015-09-14 13:43:27'),(1,'522','cells','2015-09-14 13:43:27'),(1,'522','endocardium','2015-09-14 13:43:27'),(1,'522','epicardium','2015-09-14 13:43:27'),(1,'522','heart','2015-09-14 13:43:27'),(1,'522','myocardial layer','2015-09-14 13:43:27'),(1,'522','myocardium','2015-09-14 13:43:27'),(1,'522','septum','2015-09-14 13:43:27'),(1,'522','tail','2015-09-14 13:43:27'),(1,'522','tissue','2015-09-14 13:43:27'),(1,'523','cells','2015-09-14 13:43:27'),(1,'523','endocardium','2015-09-14 13:43:27'),(1,'523','epicardium','2015-09-14 13:43:27'),(1,'523','heads','2015-09-14 13:43:27'),(1,'523','heart','2015-09-14 13:43:27'),(1,'523','mesocardium','2015-09-14 13:43:27'),(1,'523','myocardium','2015-09-14 13:43:27'),(1,'523','pore','2015-09-14 13:43:27'),(1,'523','scale','2015-09-14 13:43:27'),(1,'523','tissue','2015-09-14 13:43:27'),(1,'524','cardiovascular system','2015-09-14 13:43:27'),(1,'524','cell layer','2015-09-14 13:43:27'),(1,'524','cells','2015-09-14 13:43:27'),(1,'524','endocardium','2015-09-14 13:43:27'),(1,'524','epicardium','2015-09-14 13:43:27'),(1,'524','heart','2015-09-14 13:43:27'),(1,'524','myocardial layer','2015-09-14 13:43:27'),(1,'524','myocardium','2015-09-14 13:43:27'),(1,'524','septum','2015-09-14 13:43:27'),(1,'524','tail','2015-09-14 13:43:27'),(1,'524','tissue','2015-09-14 13:43:27'),(1,'535','Basal ganglia','2015-09-14 13:43:27'),(1,'535','brain','2015-09-14 13:43:27'),(1,'535','cells','2015-09-14 13:43:27'),(1,'535','globus pallidus','2015-09-14 13:43:27'),(1,'535','limbs','2015-09-14 13:43:27'),(1,'535','mole','2015-09-14 13:43:27'),(1,'535','neurons','2015-09-14 13:43:27'),(1,'535','pallidum','2015-09-14 13:43:27'),(1,'535','scale','2015-09-14 13:43:27'),(1,'535','striatum','2015-09-14 13:43:27'),(1,'535','subthalamic nucleus','2015-09-14 13:43:27'),(1,'535','tissue','2015-09-14 13:43:27'),(1,'537','blood','2015-09-14 13:43:27'),(1,'537','Cell','2015-09-14 13:43:27'),(1,'537','cell cluster','2015-09-14 13:43:27'),(1,'537','endocrine glands','2015-09-14 13:43:27'),(1,'537','extensions','2015-09-14 13:43:27'),(1,'537','gland','2015-09-14 13:43:27'),(1,'537','Head','2015-09-14 13:43:27'),(1,'537','islet of Langerhans','2015-09-14 13:43:27'),(1,'537','nerves','2015-09-14 13:43:27'),(1,'537','organ','2015-09-14 13:43:27'),(1,'537','organs','2015-09-14 13:43:27'),(1,'537','pancreas','2015-09-14 13:43:27'),(1,'537','pituitary gland','2015-09-14 13:43:27'),(1,'537','scale','2015-09-14 13:43:27'),(1,'537','tissue','2015-09-14 13:43:27'),(1,'537','tissues','2015-09-14 13:43:27'),(1,'537','vessel','2015-09-14 13:43:27'),(1,'538','blood','2015-09-14 13:43:27'),(1,'538','Cell','2015-09-14 13:43:27'),(1,'538','cell cluster','2015-09-14 13:43:27'),(1,'538','endocrine glands','2015-09-14 13:43:27'),(1,'538','extensions','2015-09-14 13:43:27'),(1,'538','gland','2015-09-14 13:43:27'),(1,'538','Head','2015-09-14 13:43:27'),(1,'538','islet of Langerhans','2015-09-14 13:43:27'),(1,'538','nerves','2015-09-14 13:43:27'),(1,'538','organ','2015-09-14 13:43:27'),(1,'538','organs','2015-09-14 13:43:27'),(1,'538','pancreas','2015-09-14 13:43:27'),(1,'538','pituitary gland','2015-09-14 13:43:27'),(1,'538','scale','2015-09-14 13:43:27'),(1,'538','tissue','2015-09-14 13:43:27'),(1,'538','tissues','2015-09-14 13:43:27'),(1,'538','vessel','2015-09-14 13:43:27'),(1,'539','blood','2015-09-14 13:43:27'),(1,'539','Cell','2015-09-14 13:43:27'),(1,'539','cell cluster','2015-09-14 13:43:27'),(1,'539','endocrine glands','2015-09-14 13:43:27'),(1,'539','extensions','2015-09-14 13:43:27'),(1,'539','gland','2015-09-14 13:43:27'),(1,'539','Head','2015-09-14 13:43:27'),(1,'539','islet of Langerhans','2015-09-14 13:43:27'),(1,'539','nerves','2015-09-14 13:43:27'),(1,'539','organ','2015-09-14 13:43:27'),(1,'539','organs','2015-09-14 13:43:27'),(1,'539','pancreas','2015-09-14 13:43:27'),(1,'539','pituitary gland','2015-09-14 13:43:27'),(1,'539','scale','2015-09-14 13:43:27'),(1,'539','tissue','2015-09-14 13:43:27'),(1,'539','tissues','2015-09-14 13:43:27'),(1,'539','vessel','2015-09-14 13:43:27'),(1,'549','cells','2015-09-14 13:43:27'),(1,'549','islet of Langerhans','2015-09-14 13:43:27'),(1,'549','limb','2015-09-14 13:43:27'),(1,'549','nerve','2015-09-14 13:43:27'),(1,'549','neurons','2015-09-14 13:43:27'),(1,'549','pyramidal cells','2015-09-14 13:43:27'),(1,'549','shell','2015-09-14 13:43:27'),(1,'549','sinusoids','2015-09-14 13:43:27'),(1,'549','tendon','2015-09-14 13:43:27'),(1,'550','cells','2015-09-14 13:43:27'),(1,'550','islet of Langerhans','2015-09-14 13:43:27'),(1,'550','limb','2015-09-14 13:43:27'),(1,'550','nerve','2015-09-14 13:43:27'),(1,'550','neurons','2015-09-14 13:43:27'),(1,'550','pyramidal cells','2015-09-14 13:43:27'),(1,'550','shell','2015-09-14 13:43:27'),(1,'550','sinusoids','2015-09-14 13:43:27'),(1,'550','tendon','2015-09-14 13:43:27'),(1,'551','cells','2015-09-14 13:43:27'),(1,'551','islet of Langerhans','2015-09-14 13:43:27'),(1,'551','limb','2015-09-14 13:43:27'),(1,'551','nerve','2015-09-14 13:43:27'),(1,'551','neurons','2015-09-14 13:43:27'),(1,'551','pyramidal cells','2015-09-14 13:43:27'),(1,'551','shell','2015-09-14 13:43:27'),(1,'551','sinusoids','2015-09-14 13:43:27'),(1,'551','tendon','2015-09-14 13:43:27'),(1,'552','cells','2015-09-14 13:43:27'),(1,'552','islet of Langerhans','2015-09-14 13:43:27'),(1,'552','limb','2015-09-14 13:43:27'),(1,'552','nerve','2015-09-14 13:43:27'),(1,'552','neurons','2015-09-14 13:43:27'),(1,'552','pyramidal cells','2015-09-14 13:43:27'),(1,'552','shell','2015-09-14 13:43:27'),(1,'552','sinusoids','2015-09-14 13:43:27'),(1,'552','tendon','2015-09-14 13:43:27'),(1,'553','cells','2015-09-14 13:43:27'),(1,'553','islet of Langerhans','2015-09-14 13:43:27'),(1,'553','limb','2015-09-14 13:43:27'),(1,'553','nerve','2015-09-14 13:43:27'),(1,'553','neurons','2015-09-14 13:43:27'),(1,'553','pyramidal cells','2015-09-14 13:43:27'),(1,'553','shell','2015-09-14 13:43:27'),(1,'553','sinusoids','2015-09-14 13:43:27'),(1,'553','tendon','2015-09-14 13:43:27'),(1,'554','Cell','2015-09-14 13:43:27'),(1,'554','nerve','2015-09-14 13:43:27'),(1,'554','pancreas','2015-09-14 13:43:27'),(1,'554','tissue','2015-09-14 13:43:27'),(1,'560','brain','2015-09-14 13:43:27'),(1,'560','cells','2015-09-14 13:43:27'),(1,'560','cerebral cortex','2015-09-14 13:43:27'),(1,'560','cortex','2015-09-14 13:43:27'),(1,'560','extension','2015-09-14 13:43:27'),(1,'560','globus pallidus','2015-09-14 13:43:27'),(1,'560','Globus pallidus external segment','2015-09-14 13:43:27'),(1,'560','neurons','2015-09-14 13:43:27'),(1,'560','pallidum','2015-09-14 13:43:27'),(1,'560','premotor cortex','2015-09-14 13:43:27'),(1,'560','sensorimotor','2015-09-14 13:43:27'),(1,'560','striatum','2015-09-14 13:43:27'),(1,'560','substantia nigra','2015-09-14 13:43:27'),(1,'560','substantia nigra pars compacta','2015-09-14 13:43:27'),(1,'560','subthalamic nucleus','2015-09-14 13:43:27'),(1,'561','brain','2015-09-14 13:43:27'),(1,'561','cells','2015-09-14 13:43:27'),(1,'561','cerebral cortex','2015-09-14 13:43:27'),(1,'561','cortex','2015-09-14 13:43:27'),(1,'561','extension','2015-09-14 13:43:27'),(1,'561','globus pallidus','2015-09-14 13:43:27'),(1,'561','Globus pallidus external segment','2015-09-14 13:43:27'),(1,'561','neurons','2015-09-14 13:43:27'),(1,'561','pallidum','2015-09-14 13:43:27'),(1,'561','premotor cortex','2015-09-14 13:43:27'),(1,'561','sensorimotor','2015-09-14 13:43:27'),(1,'561','striatum','2015-09-14 13:43:27'),(1,'561','substantia nigra','2015-09-14 13:43:27'),(1,'561','substantia nigra pars compacta','2015-09-14 13:43:27'),(1,'561','subthalamic nucleus','2015-09-14 13:43:27'),(1,'568','brain','2015-09-14 13:43:27'),(1,'568','brainstem','2015-09-14 13:43:27'),(1,'568','cells','2015-09-14 13:43:27'),(1,'568','cortex','2015-09-14 13:43:27'),(1,'568','extension','2015-09-14 13:43:27'),(1,'568','hip','2015-09-14 13:43:27'),(1,'568','neocortex','2015-09-14 13:43:27'),(1,'568','nervous systems','2015-09-14 13:43:27'),(1,'568','neurons','2015-09-14 13:43:27'),(1,'568','olfactory bulb','2015-09-14 13:43:27'),(1,'568','scale','2015-09-14 13:43:27'),(1,'568','visual cortex','2015-09-14 13:43:27'),(1,'569','brain','2015-09-14 13:43:27'),(1,'569','brainstem','2015-09-14 13:43:27'),(1,'569','cells','2015-09-14 13:43:27'),(1,'569','cortex','2015-09-14 13:43:27'),(1,'569','extension','2015-09-14 13:43:27'),(1,'569','hip','2015-09-14 13:43:27'),(1,'569','neocortex','2015-09-14 13:43:27'),(1,'569','nervous systems','2015-09-14 13:43:27'),(1,'569','neurons','2015-09-14 13:43:27'),(1,'569','olfactory bulb','2015-09-14 13:43:27'),(1,'569','scale','2015-09-14 13:43:27'),(1,'569','visual cortex','2015-09-14 13:43:27'),(1,'570','brain','2015-09-14 13:43:27'),(1,'570','brainstem','2015-09-14 13:43:27'),(1,'570','cells','2015-09-14 13:43:27'),(1,'570','central nervous system','2015-09-14 13:43:27'),(1,'570','cortex','2015-09-14 13:43:27'),(1,'570','DEL','2015-09-14 13:43:27'),(1,'570','ganglion','2015-09-14 13:43:27'),(1,'570','heart','2015-09-14 13:43:27'),(1,'570','hypothalamus','2015-09-14 13:43:27'),(1,'570','nerve','2015-09-14 13:43:27'),(1,'570','nervous system','2015-09-14 13:43:27'),(1,'570','Neuron','2015-09-14 13:43:27'),(1,'570','scale','2015-09-14 13:43:27'),(1,'570','sensorimotor','2015-09-14 13:43:27'),(1,'617','amygdala','2015-09-14 13:43:27'),(1,'617','brain','2015-09-14 13:43:27'),(1,'617','CA1','2015-09-14 13:43:27'),(1,'617','CA2','2015-09-14 13:43:27'),(1,'617','CA3','2015-09-14 13:43:27'),(1,'617','Cell','2015-09-14 13:43:27'),(1,'617','hip','2015-09-14 13:43:27'),(1,'617','Hippocampus','2015-09-14 13:43:27'),(1,'617','humps','2015-09-14 13:43:27'),(1,'617','lobe','2015-09-14 13:43:27'),(1,'617','mossy fiber','2015-09-14 13:43:27'),(1,'617','Neuron','2015-09-14 13:43:27'),(1,'617','pus','2015-09-14 13:43:27'),(1,'617','pyramidal cells','2015-09-14 13:43:27'),(1,'617','scale','2015-09-14 13:43:27'),(1,'617','shell','2015-09-14 13:43:27'),(1,'618','arm','2015-09-14 13:43:27'),(1,'618','brain','2015-09-14 13:43:27'),(1,'618','CA3','2015-09-14 13:43:27'),(1,'618','Cell','2015-09-14 13:43:27'),(1,'618','cerebellar cortex','2015-09-14 13:43:27'),(1,'618','cerebellum','2015-09-14 13:43:27'),(1,'618','cortex','2015-09-14 13:43:27'),(1,'618','medial accessory olive','2015-09-14 13:43:27'),(1,'618','midbrain','2015-09-14 13:43:27'),(1,'618','neural system','2015-09-14 13:43:27'),(1,'618','neural systems','2015-09-14 13:43:27'),(1,'618','neurons','2015-09-14 13:43:27'),(1,'618','scale','2015-09-14 13:43:27'),(1,'618','sensorimotor','2015-09-14 13:43:27'),(1,'618','sinusoid','2015-09-14 13:43:27'),(1,'619','brain','2015-09-14 13:43:27'),(1,'619','Cell','2015-09-14 13:43:27'),(1,'619','cells','2015-09-14 13:43:27'),(1,'619','endocardium','2015-09-14 13:43:27'),(1,'619','endothelium','2015-09-14 13:43:27'),(1,'619','epicardium','2015-09-14 13:43:27'),(1,'619','heads','2015-09-14 13:43:27'),(1,'619','heart','2015-09-14 13:43:27'),(1,'619','mesocardium','2015-09-14 13:43:27'),(1,'619','muscle cells','2015-09-14 13:43:27'),(1,'619','myocardium','2015-09-14 13:43:27'),(1,'619','nerve','2015-09-14 13:43:27'),(1,'619','pore','2015-09-14 13:43:27'),(1,'619','scale','2015-09-14 13:43:27'),(1,'619','tail','2015-09-14 13:43:27'),(1,'619','tissue','2015-09-14 13:43:27'),(1,'619','tissues','2015-09-14 13:43:27'),(1,'623','Cell','2015-09-14 13:43:27'),(1,'623','cells','2015-09-14 13:43:27'),(1,'623','endocardium','2015-09-14 13:43:27'),(1,'623','endothelium','2015-09-14 13:43:27'),(1,'623','epicardium','2015-09-14 13:43:27'),(1,'623','head','2015-09-14 13:43:27'),(1,'623','heads','2015-09-14 13:43:27'),(1,'623','heart','2015-09-14 13:43:27'),(1,'623','lobes','2015-09-14 13:43:27'),(1,'623','mesocardium','2015-09-14 13:43:27'),(1,'623','muscle cells','2015-09-14 13:43:27'),(1,'623','myocardium','2015-09-14 13:43:27'),(1,'623','nerve','2015-09-14 13:43:27'),(1,'623','pore','2015-09-14 13:43:27'),(1,'623','scale','2015-09-14 13:43:27'),(1,'623','tail','2015-09-14 13:43:27'),(1,'623','tissue','2015-09-14 13:43:27'),(1,'623','vitelline membrane','2015-09-14 13:43:27'),(1,'623','yolk','2015-09-14 13:43:27'),(1,'624','cardiovascular system','2015-09-14 13:43:27'),(1,'624','Cell','2015-09-14 13:43:27'),(1,'624','cell layer','2015-09-14 13:43:27'),(1,'624','cells','2015-09-14 13:43:27'),(1,'624','endocardium','2015-09-14 13:43:27'),(1,'624','endothelium','2015-09-14 13:43:27'),(1,'624','epicardium','2015-09-14 13:43:27'),(1,'624','head','2015-09-14 13:43:27'),(1,'624','heart','2015-09-14 13:43:27'),(1,'624','helix','2015-09-14 13:43:27'),(1,'624','mouth','2015-09-14 13:43:27'),(1,'624','muscle cells','2015-09-14 13:43:27'),(1,'624','myocardial layer','2015-09-14 13:43:27'),(1,'624','myocardium','2015-09-14 13:43:27'),(1,'624','nerve','2015-09-14 13:43:27'),(1,'624','pore','2015-09-14 13:43:27'),(1,'624','scale','2015-09-14 13:43:27'),(1,'624','septum','2015-09-14 13:43:27'),(1,'624','tail','2015-09-14 13:43:27'),(1,'624','tissue','2015-09-14 13:43:27'),(1,'625','Cell','2015-09-14 13:43:27'),(1,'625','cells','2015-09-14 13:43:27'),(1,'625','endocardium','2015-09-14 13:43:27'),(1,'625','epicardium','2015-09-14 13:43:27'),(1,'625','head','2015-09-14 13:43:27'),(1,'625','heads','2015-09-14 13:43:27'),(1,'625','heart','2015-09-14 13:43:27'),(1,'625','lobes','2015-09-14 13:43:27'),(1,'625','mesocardium','2015-09-14 13:43:27'),(1,'625','myocardium','2015-09-14 13:43:27'),(1,'625','pore','2015-09-14 13:43:27'),(1,'625','scale','2015-09-14 13:43:27'),(1,'625','tail','2015-09-14 13:43:27'),(1,'625','tissue','2015-09-14 13:43:27'),(1,'625','vitelline membrane','2015-09-14 13:43:27'),(1,'625','yolk','2015-09-14 13:43:27'),(1,'627','Cell','2015-09-14 13:43:27'),(1,'627','head','2015-09-14 13:43:27'),(1,'627','heads','2015-09-14 13:43:27'),(2,'199','signaling','2015-09-17 14:02:57'),(3,'1','signaling','2015-10-07 11:50:19');
/*!40000 ALTER TABLE `keyword` ENABLE KEYS */;
UNLOCK TABLES;

--
-- Table structure for table `model`
--

DROP TABLE IF EXISTS `model`;
/*!40101 SET @saved_cs_client     = @@character_set_client */;
/*!40101 SET character_set_client = utf8 */;
CREATE TABLE `model` (
  `dbid` int(11) NOT NULL,
  `modelid` varchar(255) NOT NULL,
  `name` varchar(255) NOT NULL,
  `createdate` datetime NOT NULL,
  PRIMARY KEY (`dbid`,`modelid`)
) ENGINE=InnoDB DEFAULT CHARSET=utf8;
/*!40101 SET character_set_client = @saved_cs_client */;

--
-- Dumping data for table `model`
--

LOCK TABLES `model` WRITE;
/*!40000 ALTER TABLE `model` DISABLE KEYS */;
INSERT INTO `model` VALUES (1,'141',' JCN_2012_So_et_al_GP_Neuron','2015-09-14 13:35:10'),(1,'145',' JCN_2012_So_et_al_STN_Neuron','2015-09-14 13:35:10'),(1,'2',' Rybak_PF_neuron_V','2015-09-14 13:35:10'),(1,'428',' Leloup Goldbeter Neurospora Circadian Clock Model','2015-09-14 13:35:10'),(1,'429',' voltage_step_generator','2015-09-14 13:35:10'),(1,'430',' current_step_generator','2015-09-14 13:35:10'),(1,'431',' voltage_pulse_generator','2015-09-14 13:35:10'),(1,'432',' current_pulse_generator','2015-09-14 13:35:10'),(1,'433',' Hodgkin_Huxley_1952_Model','2015-09-14 13:35:10'),(1,'434',' Beeler_Reuter_1977_Model','2015-09-14 13:35:10'),(1,'435',' Luo_Rudy_1991_model','2015-09-14 13:35:10'),(1,'436',' Traub_1977_7compartment_large','2015-09-14 13:35:10'),(1,'437',' Diffusively_coupled_Luo_Rudy_PhaseI_model','2015-09-14 13:35:10'),(1,'438',' TNNPre_2006_model_endo','2015-09-14 13:35:10'),(1,'439',' TNNPre_2006_model_epi','2015-09-14 13:35:10'),(1,'440',' TNNPre_2006_model_M','2015-09-14 13:35:10'),(1,'441',' TNNPre_2006_current_pulse_generator','2015-09-14 13:35:10'),(1,'442',' Rybak_RG_neuron_V','2015-09-14 13:35:10'),(1,'443',' Rybak_PF_neuron_V','2015-09-14 13:35:10'),(1,'444',' Rybak_current_generator_for_RG_and_PF_neuron','2015-09-14 13:35:10'),(1,'445',' Rinzel_1996_dopamin_minimal_model_Fig_3B','2015-09-14 13:35:10'),(1,'446',' Rinzel_1996_dopamin_model_Fig_6A','2015-09-14 13:35:10'),(1,'447',' Rinzel_1996_dopamin_model_Fig_6B','2015-09-14 13:35:10'),(1,'448',' Rinzel_1996_dopamin_model_Fig_6C','2015-09-14 13:35:10'),(1,'449',' current_step_generator_membrane','2015-09-14 13:35:10'),(1,'450',' sinusoidal_wave_current_generator_membrane','2015-09-14 13:35:10'),(1,'451',' current_pulse_generator_membrane','2015-09-14 13:35:10'),(1,'453',' Faber_Rudy_2007_Model','2015-09-14 13:35:10'),(1,'454',' Rybak_Motoneurone_V','2015-09-14 13:35:10'),(1,'455',' Chay_TR_1985_model','2015-09-14 13:35:10'),(1,'457',' Faber_Rudy_2007_VoltageClamp_model','2015-09-14 13:35:10'),(1,'458',' Wang_Buzsaki_1996_interneuron_model','2015-09-14 13:35:10'),(1,'459',' Hayashi_Ishizuka_1992_pacemaker_neuron_model','2015-09-14 13:35:10'),(1,'460',' periodic_current_pulse_generator','2015-09-14 13:35:10'),(1,'461',' sinusoidal_wave_voltage_generator','2015-09-14 13:35:10'),(1,'462',' sinusoidal_wave_current_generator','2015-09-14 13:35:10'),(1,'463',' Wang_1991_Thalamic_Neuron_Fig_3_B','2015-09-14 13:35:10'),(1,'464',' Wang_1991_Thalamic_Neuron_Fig_5','2015-09-14 13:35:10'),(1,'465',' Wang_Buzsaki_1996_hippocampal_interneuron_network_30','2015-09-14 13:35:10'),(1,'466',' Sherman_Rinzel_Keizer_1988','2015-09-14 13:35:10'),(1,'467',' Sherman_Rinzel_Keizer_1990','2015-09-14 13:35:10'),(1,'468',' Keizer_Smolen_1991','2015-09-14 13:35:10'),(1,'469',' Periodically_Stimulated_BVP_Model','2015-09-14 13:35:10'),(1,'470',' nmh_Gating_Dynamics','2015-09-14 13:35:10'),(1,'471',' n_Gate_Model','2015-09-14 13:35:10'),(1,'472',' HH_Sodium_Current_Clamp','2015-09-14 13:35:10'),(1,'473',' Three_Coupled_FHN','2015-09-14 13:35:10'),(1,'474',' Simple_Channel_Model','2015-09-14 13:35:10'),(1,'475',' single_BVP_with_step_current_stimulus','2015-09-14 13:35:10'),(1,'476',' simple_hard_wired_central_pattern_generator_model','2015-09-14 13:35:10'),(1,'477',' Chay-Keizer_1983_Fig.1b','2015-09-14 13:35:10'),(1,'478',' Chicago_2003_pancreatic_beta-cell','2015-09-14 13:35:10'),(1,'481',' Rybak_Rhythm_Generator_Network','2015-09-14 13:35:10'),(1,'482',' A_single_compartment_model_of_the_rod_photoreceptor','2015-09-14 13:35:10'),(1,'484',' mackay_glass_1977_287_9_b','2015-09-14 13:35:10'),(1,'485',' mackay_glass_1977_287_9_c','2015-09-14 13:35:10'),(1,'486',' Asai_2009_Inverted_Pendulum_Model_1_Fig7','2015-09-14 13:35:10'),(1,'487',' Asai_2009_Inverted_Pendulum_Model_2_Fig7','2015-09-14 13:35:10'),(1,'488',' Asai_2009_Inverted_Pendulum_Model_3_Fig7','2015-09-14 13:35:10'),(1,'489',' Asai_2009_Inverted_Pendulum_Model_4_Fig7','2015-09-14 13:35:10'),(1,'490',' Cdc2_-_Wee1_Bistability_Angeli_PNAS_2004','2015-09-14 13:35:10'),(1,'491',' MAPK_cascades_Bistability_Angeli_PNAS_2004','2015-09-14 13:35:10'),(1,'492',' Lorenz_attractor','2015-09-14 13:35:10'),(1,'493',' Rossler_attractor','2015-09-14 13:35:10'),(1,'494',' Her1_oscillatory_expression_Lewis_Curr_Biol_2003','2015-09-14 13:35:10'),(1,'495',' LR1-ring_reentry_initiate','2015-09-14 13:35:10'),(1,'496',' LR1-ring_reentry_initiate_terminate','2015-09-14 13:35:10'),(1,'497',' Wang_1991_Thalamic_Neuron_Fig_8','2015-09-14 13:35:10'),(1,'498',' Booth_1997_Motoneuron','2015-09-14 13:35:10'),(1,'499',' DiFrancesco_Noble_1984_cardiac_cell','2015-09-14 13:35:10'),(1,'500',' BJ1976_Plant_Kim','2015-09-14 13:35:10'),(1,'501',' BC1985_Matsuoka_fig2','2015-09-14 13:35:10'),(1,'502',' BJ1994_Rush_Rinzel_Thalamic_neuron_Fig2C_top','2015-09-14 13:35:10'),(1,'503',' BJ1994_Rush_Rinzel_Thalamic_neuron_Fig2C_middle','2015-09-14 13:35:10'),(1,'504',' BJ1994_Rush_Rinzel_Thalamic_neuron_Fig2C_bottom','2015-09-14 13:35:10'),(1,'505',' JCN2005_Cymbalyuk_Shilnikov_leech_neuron_Fig3-A2','2015-09-14 13:35:10'),(1,'506',' JCN2005_Cymbalyuk_Shilnikov_leech_neuron_Fig3-A3','2015-09-14 13:35:10'),(1,'507',' JCN2005_Cymbalyuk_Shilnikov_leech_neuron_Fig3-D2','2015-09-14 13:35:10'),(1,'508',' JCN2005_Cymbalyuk_Shilnikov_leech_neuron_Fig3-D3','2015-09-14 13:35:10'),(1,'509',' CBR1984_Nomura_Abe_Insulin_Secretion','2015-09-14 13:35:10'),(1,'510',' FSK 2008 Endocardial Ventricular Myocyte','2015-09-14 13:35:10'),(1,'511',' FSK 2008 Midcardial Ventricular Myocyte','2015-09-14 13:35:10'),(1,'512',' FSK 2008 Epicardial Ventricular Myocyte','2015-09-14 13:35:10'),(1,'513',' FSK 2008 Endo Ventricular Myocyte Quinidine','2015-09-14 13:35:10'),(1,'514',' FSK 2008 Mid Ventricular Myocyte Quinidine','2015-09-14 13:35:10'),(1,'515',' FSK 2008 Epi Ventricular Myocyte Quinidine','2015-09-14 13:35:10'),(1,'516',' FSK 2008 Endo Ventricular Myocyte Vesnarinon','2015-09-14 13:35:10'),(1,'517',' FSK 2008 Mid Ventricular Myocyte Vesnarinon','2015-09-14 13:35:10'),(1,'518',' FSK 2008 Epi Ventricular Myocyte Vesnarinon','2015-09-14 13:35:10'),(1,'519',' FSK 2008 Endo Ventricular Myocyte Dofetilide','2015-09-14 13:35:10'),(1,'520',' FSK 2008 Endo Ventricular Myocyte Nifekalant','2015-09-14 13:35:10'),(1,'521',' FSK 2008 Epi Ventricular Myocyte Dofetilide','2015-09-14 13:35:10'),(1,'522',' FSK 2008 Epi Ventricular Myocyte Nifekalant','2015-09-14 13:35:10'),(1,'523',' FSK 2008 Mid Ventricular Myocyte Dofetilide','2015-09-14 13:35:10'),(1,'524',' FSK 2008 Mid Ventricular Myocyte Nifekalant','2015-09-14 13:35:10'),(1,'526',' BC1985_Matsuoka_fig3a','2015-09-14 13:35:10'),(1,'528',' BC1985_Matsuoka_fig3b','2015-09-14 13:35:10'),(1,'529',' BC1985_Matsuoka_fig4a','2015-09-14 13:35:10'),(1,'530',' BC1985_Matsuoka_fig4b','2015-09-14 13:35:10'),(1,'531',' BC1985_Matsuoka_fig4c','2015-09-14 13:35:10'),(1,'532',' BC1985_Matsuoka_fig4d','2015-09-14 13:35:10'),(1,'535',' JNS2002_Terman_STN_neuron','2015-09-14 13:35:10'),(1,'537',' PLoSone2007_Nittala_BetaCell_bursting','2015-09-14 13:35:10'),(1,'538',' PLoSone2007_Nittala_BetaCell_spiking','2015-09-14 13:35:10'),(1,'539',' PLoSone2007_Nittala_BetaCell_network','2015-09-14 13:35:10'),(1,'540',' BC1985_Matsuoka_fig5a','2015-09-14 13:35:10'),(1,'541',' BC1985_Matsuoka_fig5b','2015-09-14 13:35:10'),(1,'542',' BC1985_Matsuoka_fig5c','2015-09-14 13:35:10'),(1,'543',' BC1985_Matsuoka_fig5e','2015-09-14 13:35:10'),(1,'544',' PD2004_Wei_delay_neural_network','2015-09-14 13:35:10'),(1,'545',' PRL2005_Shilnikov_Cymbalyuku_fig2_1','2015-09-14 13:35:10'),(1,'546',' PRL2005_Shilnikov_Cymbalyuk_fig2_2','2015-09-14 13:35:10'),(1,'547',' PRL2005_Shilnikov_Cymbalyuk_fig2_3','2015-09-14 13:35:10'),(1,'548',' PRL2005_Shilnikov_Cymbalyuk_fig2_4','2015-09-14 13:35:10'),(1,'549',' BJ1981_Morris_Lecar_Fig6','2015-09-14 13:35:10'),(1,'550',' BJ1981_Morris_Lecar_fig9_1','2015-09-14 13:35:10'),(1,'551',' BJ1981_Morris_Lecar_fig9_2','2015-09-14 13:35:10'),(1,'552',' BJ1981_Morris_Lecar_fig9_3','2015-09-14 13:35:10'),(1,'553',' BJ1981_Morris_Lecar_fig9_4','2015-09-14 13:35:10'),(1,'554',' BJ1986_Chay_beta_cell_membrane_fig1','2015-09-14 13:35:10'),(1,'555',' JCN_2004_Rubin_Terman_Thalamic_Neuron','2015-09-14 13:35:10'),(1,'556',' JCN_2004_Rubin_Terman_STN_Neuron','2015-09-14 13:35:10'),(1,'557',' JCN_2004_Rubin_Terman_GPe_Neuron','2015-09-14 13:35:10'),(1,'558',' JNC_2004_Rubin_Terman_Network_Normal','2015-09-14 13:35:10'),(1,'559',' JNC_2004_Rubin_Terman_Network_Parkisonian','2015-09-14 13:35:10'),(1,'560',' EJN_2012_Pavlides_STN_GP_network_Normal','2015-09-14 13:35:10'),(1,'561',' EJN_2012_Pavlides_STN_GP_network_Parkinson','2015-09-14 13:35:10'),(1,'563',' PRL_2008_Kramer_Purkinje_Cell','2015-09-14 13:35:10'),(1,'564',' SIAM_2005_Best_respiratory_cell','2015-09-14 13:35:10'),(1,'568',' IEEE2003_Izhikevich_Spiking_Neurons_Resonator','2015-09-14 13:35:10'),(1,'569',' IEEE2003_Izhikevich_Spiking_Neurons_Chattering','2015-09-14 13:35:10'),(1,'570',' JNP1999_Butera_Pacemaker_Neurons','2015-09-14 13:35:10'),(1,'617',' JNP1991_Traub_CA3_Fig4C','2015-09-14 13:35:10'),(1,'618',' JNP1999_Schweighofer_Inferior_Olive_Neuron','2015-09-14 13:35:10'),(1,'619',' Modified FSK 2008 Epicardial Ventricular Myocyte','2015-09-14 13:35:10'),(1,'623',' FSK 2008 Midcardial Ventricular Myocyte with Quinidine','2015-09-14 13:35:10'),(1,'624',' FSK 2008 Midcardial Ventricular Myocyte with Nifekalant','2015-09-14 13:35:10'),(1,'625',' FSK 2008 Midcardial Ventricular Myocyte with Dofetilide','2015-09-14 13:35:10'),(1,'627',' FSK 2008 Epicardial Ventricular Myocyte with Vesnarinon','2015-09-14 13:35:10'),(1,'628',' FSK 2008 Epicardial Ventricular Myocyte with Quinidine','2015-09-14 13:35:10'),(1,'629',' FSK 2008 Epicardial Ventricular Myocyte with Nifekalant','2015-09-14 13:35:10'),(1,'630',' FSK 2008 Epicardial Ventricular Myocyte with Dofetilide','2015-09-14 13:35:10'),(1,'632',' FSK 2008 Endocardial Ventricular Myocyte with Vesnarinon','2015-09-14 13:35:10'),(1,'633',' FSK 2008 Endocardial Ventricular Myocyte with Quinidine','2015-09-14 13:35:10'),(1,'634',' FSK 2008 Endocardial Ventricular Myocyte with Nifekalant','2015-09-14 13:35:10'),(1,'635',' FSK 2008 Endocardial Ventricular Myocyte with Dofetilide','2015-09-14 13:35:10'),(1,'642',' Ohara-Rudy Human Endocardial Ventricular Myocyte','2015-09-14 13:35:10'),(1,'665',' FSK 2008 Midcardial Ventricular Myocyte (reduced version)','2015-09-14 13:35:10'),(1,'666',' FSK 2008 Epicardial Ventricular Myocyte (reduced version)','2015-09-14 13:35:10'),(1,'667',' FSK 2008 Endocardial Ventricular Myocyte (reduced version)','2015-09-14 13:35:10'),(1,'756',' Hodgkin-Huxley model','2015-09-14 13:35:10'),(1,'757',' Coupled HH model','2015-09-14 13:35:10'),(1,'760',' FSK 2008 Midcardial Ventricular Myocyte','2015-09-14 13:35:10'),(1,'761',' FSK 2008 Endocardial Ventricular Myocyte','2015-09-14 13:35:10'),(1,'762',' FSK 2008 Epicardial Ventricular Myocyte','2015-09-14 13:35:10'),(1,'763',' FSK 2008 Midcardial Ventricular Myocyte with Vesnarinon','2015-09-14 13:35:10'),(1,'764',' Ohara-Rudy Human Epicardial Ventricular Myocyte','2015-09-14 13:35:10'),(1,'765',' Ohara-Rudy Human Midcardial Ventricular Myocyte','2015-09-14 13:35:10'),(1,'766',' reduced FSK 2008 Endocardial Ventricular Myocyte with Dofetilide','2015-09-14 13:35:10'),(1,'767',' reduced FSK 2008 Epicardial Ventricular Myocyte with Dofetilide','2015-09-14 13:35:10'),(1,'768',' reduced FSK 2008 Midcardial Ventricular Myocyte with Dofetilide','2015-09-14 13:35:10'),(1,'769',' reduced FSK 2008 Epicardial Ventricular Myocyte with Quinidine','2015-09-14 13:35:10'),(1,'770',' reduced FSK 2008 Endocardial Ventricular Myocyte with Quinidine','2015-09-14 13:35:10'),(1,'771',' reduced FSK 2008 Midcardial Ventricular Myocyte with Quinidine','2015-09-14 13:35:10'),(1,'772',' reduced FSK 2008 Epicardial Ventricular Myocyte with Vesnarinon','2015-09-14 13:35:10'),(1,'773',' reduced FSK 2008 Endocardial Ventricular Myocyte with Vesnarinon','2015-09-14 13:35:10'),(1,'774',' reduced FSK 2008 Midcardial Ventricular Myocyte with Vesnarinon','2015-09-14 13:35:10'),(1,'775',' reduced FSK 2008 Epicardial Ventricular Myocyte with Nifekalant','2015-09-14 13:35:10'),(1,'776',' reduced FSK 2008 Endocardial Ventricular Myocyte with Nifekalant','2015-09-14 13:35:10'),(1,'777',' reduced FSK 2008 Midcardial Ventricular Myocyte with Nifekalant','2015-09-14 13:35:10'),(1,'779',' Pharmacokinetics of quinidine administered orally','2015-09-14 13:35:10'),(1,'796',' CYP3A4 induction mediated drug-drug interaction (rifampicin and alprazolam','2015-09-14 13:35:10'),(1,'797',' The Lorenz system','2015-09-14 13:35:10'),(1,'800',' damping_oscillation','2015-09-14 13:35:10'),(1,'809',' courtemanche_1998 atrial action potential','2015-09-14 13:35:10'),(1,'810',' modified courtemanche_1998  with quinidine','2015-09-14 13:35:10'),(1,'811',' modified courtemanche_1998','2015-09-14 13:35:10'),(1,'812',' modified courtemanche_1998 with vesnarinon','2015-09-14 13:35:10'),(1,'813',' modified courtemanche_1998 with dofetilide','2015-09-14 13:35:10'),(1,'814',' YNI_1980_model','2015-09-14 13:35:10'),(1,'816',' Ohara-Rudy Human Endocardial Ventricular Myocyte (modified INa)','2015-09-14 13:35:10'),(1,'817',' Ohara-Rudy Human Epicardial Ventricular Myocyte (modified INa)','2015-09-14 13:35:10'),(1,'818',' Ohara-Rudy Human Midcardial Ventricular Myocyte (modified INa)','2015-09-14 13:35:10'),(1,'819',' Kurata 2005 Human Ventricular Myocyte Model (Endocardial cell)','2015-09-14 13:35:10'),(1,'820',' Kurata 2005 Human Ventricular Myocyte Model (Epicardial cell)','2015-09-14 13:35:10'),(1,'821',' Kurata 2005 Human Ventricular Myocyte Model (Midcardial cell)','2015-09-14 13:35:10'),(1,'824',' Kurata 2005 Human Ventricular Myocyte Model (Midcardial cell) EAD generation condition','2015-09-14 13:35:10'),(1,'825',' Pribe-Beuckelmann human ventricular myocyte model','2015-09-14 13:35:10'),(1,'826',' Pribe-Beuckelmann human ventricular myocyte model (heart failure condition)','2015-09-14 13:35:10'),(1,'827',' Pribe-Beuckelmann human ventricular endocardial cell model','2015-09-14 13:35:10'),(1,'828',' Pribe-Beuckelmann human ventricular midcardial cell model','2015-09-14 13:35:10'),(1,'829',' Pribe-Beuckelmann human ventricular epicardial cell model','2015-09-14 13:35:10'),(1,'845',' MAT model driven by stocahstic spike train','2015-09-14 13:35:10'),(1,'849',' Reduced Cunningham model of first spiking interneuron','2015-09-14 13:35:10'),(1,'850',' Calcium ion kinetics in Traub model (2003)','2015-09-14 13:35:10'),(1,'851',' L-type calcium channel in Traub model (2003)','2015-09-14 13:35:10'),(1,'854',' Calcium dependent Big Potassium (BK) channel in Cunningham model (2004)','2015-09-14 13:35:10'),(1,'855',' Delayed rectifier potassium channel in Cunningham model (2004)','2015-09-14 13:35:10'),(1,'856',' Leak channel in Traub model (2003)','2015-09-14 13:35:10'),(1,'857',' Fast sodium channel in Cunningham model (2004)','2015-09-14 13:35:10'),(1,'858',' T-type calcium channel in Cunningham model (2004)','2015-09-14 13:35:10'),(1,'860',' Small conductance calcium-activated potassium (SK) channel in Cunningham model (2004)','2015-09-14 13:35:10'),(1,'866',' Asai_2009_Inverted_Pendulum_Model_4_Fig7A_with_Noise','2015-09-14 13:35:10'),(1,'867',' Asai_2009_Inverted_Pendulum_Model_4_Fig7B_with_Noise','2015-09-14 13:35:10'),(1,'868',' Asai_2009_Inverted_Pendulum_Model_4_Fig7C_with_Noise','2015-09-14 13:35:10'),(1,'869',' Asai_2009_Inverted_Pendulum_Model_4_Fig7D_with_Noise','2015-09-14 13:35:10'),(1,'870',' Fast Na channel in Traub model (2003)','2015-09-14 13:35:10'),(1,'871',' Persistent Na channel in Traub model (2003)','2015-09-14 13:35:10'),(1,'872',' Delayed rectifier K channel in Traub model (2003)','2015-09-14 13:35:10'),(1,'873',' Ca dependent BK channel in Traub model (2003)','2015-09-14 13:35:10'),(1,'874',' Ca dependent SK channel in Traub model (2003)','2015-09-14 13:35:10'),(1,'875',' A type K channel in Traub model (2003)','2015-09-14 13:35:10'),(1,'876',' M type K channel in Traub model (2003)','2015-09-14 13:35:10'),(1,'877',' K2 channel in Traub model','2015-09-14 13:35:10'),(1,'878',' T type Ca channel in Traub model (2003)','2015-09-14 13:35:10'),(1,'879',' Anomalous rectifier channel in Traub model (2003)','2015-09-14 13:35:10'),(1,'880',' taste_bud','2015-09-14 13:35:10'),(1,'882',' MAT model driven by stocahstic spike train','2015-09-14 13:35:10'),(1,'884',' Reduced Traub model of regular spiking neuron','2015-09-14 13:35:10'),(1,'885',' Reduced Low Threshold Spiking interneuron model','2015-09-14 13:35:10'),(2,'199','FSH pathway','2015-09-17 14:02:33'),(2,'200','modelname4','2015-09-28 15:40:42'),(3,'1','model1','2015-10-07 11:47:59');
/*!40000 ALTER TABLE `model` ENABLE KEYS */;
UNLOCK TABLES;

--
-- Table structure for table `targetdb`
--

DROP TABLE IF EXISTS `targetdb`;
/*!40101 SET @saved_cs_client     = @@character_set_client */;
/*!40101 SET character_set_client = utf8 */;
CREATE TABLE `targetdb` (
  `dbid` int(11) NOT NULL AUTO_INCREMENT,
  `dbname` varchar(255) NOT NULL,
  `urlformat` text,
  `createdate` datetime NOT NULL,
  PRIMARY KEY (`dbid`)
) ENGINE=InnoDB AUTO_INCREMENT=4 DEFAULT CHARSET=utf8;
/*!40101 SET character_set_client = @saved_cs_client */;

--
-- Dumping data for table `targetdb`
--

LOCK TABLES `targetdb` WRITE;
/*!40000 ALTER TABLE `targetdb` DISABLE KEYS */;
INSERT INTO `targetdb` VALUES (1,'phdatabase','https://phdb.unit.oist.jp/modeldb/model/?mid={0}','2015-09-14 13:30:58'),(2,'ipathwaysplus','https://ipathwaysplus.unit.oist.jp/detail.php?modelid={0}','2015-09-14 17:07:10'),(3,'testdb','http://phonto.unit.oist.jp/samplemodel/{0}','2015-09-28 11:02:41');
/*!40000 ALTER TABLE `targetdb` ENABLE KEYS */;
UNLOCK TABLES;

--
-- Table structure for table `token`
--

DROP TABLE IF EXISTS `token`;
/*!40101 SET @saved_cs_client     = @@character_set_client */;
/*!40101 SET character_set_client = utf8 */;
CREATE TABLE `token` (
  `token` varchar(255) NOT NULL,
  `userid` int(11) NOT NULL,
  `ipaddress` varchar(12) DEFAULT NULL,
  `createdate` datetime NOT NULL,
  `expiredate` datetime NOT NULL,
  PRIMARY KEY (`token`)
) ENGINE=InnoDB DEFAULT CHARSET=utf8;
/*!40101 SET character_set_client = @saved_cs_client */;

--
-- Dumping data for table `token`
--

LOCK TABLES `token` WRITE;
/*!40000 ALTER TABLE `token` DISABLE KEYS */;
INSERT INTO `token` VALUES ('EtCyHGFv2aE4lrP9l06e',2,'127.0.0.1','2015-10-07 11:40:02','2015-10-07 12:40:02'),('f5hUTKQoRPb6Zwu5VIYc',2,'127.0.0.1','2015-10-07 12:01:59','2015-10-07 13:01:59'),('K8CU3qx0GDaoSxciJQSe',2,'127.0.0.1','2015-10-07 11:40:53','2015-10-07 12:40:53'),('m_WjuPBRycsYiFgCtZ4p',2,'127.0.0.1','2015-10-07 11:43:59','2015-10-07 12:43:59'),('phYkpeFUFZh1YS93MMgr',2,'127.0.0.1','2015-10-07 12:04:41','2015-10-07 13:04:41'),('Qs3De7fS3AuFOrZxLPpv',2,'127.0.0.1','2015-10-07 12:03:25','2015-10-07 13:03:25'),('VpP2ethmUW7o47yztmRX',2,'127.0.0.1','2015-10-07 11:56:56','2015-10-07 12:56:56'),('vxkUYxKSJkeueqoJ78om',2,'127.0.0.1','2015-10-07 11:45:27','2015-10-07 12:45:27'),('WMV3hdli4oEITkDwGrTA',2,'127.0.0.1','2015-10-07 11:42:51','2015-10-07 12:42:51'),('z0QFSv8cIoq4lq3LI1rr',2,'127.0.0.1','2015-10-07 11:46:47','2015-10-07 12:46:47');
/*!40000 ALTER TABLE `token` ENABLE KEYS */;
UNLOCK TABLES;

--
-- Table structure for table `user`
--

DROP TABLE IF EXISTS `user`;
/*!40101 SET @saved_cs_client     = @@character_set_client */;
/*!40101 SET character_set_client = utf8 */;
CREATE TABLE `user` (
  `userid` int(11) NOT NULL AUTO_INCREMENT,
  `username` varchar(255) NOT NULL,
  `password` varchar(255) NOT NULL,
  `email` varchar(255) NOT NULL,
  `createdate` datetime NOT NULL,
  `enabled` varchar(1) NOT NULL,
  PRIMARY KEY (`userid`)
) ENGINE=InnoDB AUTO_INCREMENT=3 DEFAULT CHARSET=utf8;
/*!40101 SET character_set_client = @saved_cs_client */;

--
-- Dumping data for table `user`
--

LOCK TABLES `user` WRITE;
/*!40000 ALTER TABLE `user` DISABLE KEYS */;
INSERT INTO `user` VALUES (1,'admin','21232f297a57a5a743894a0e4a801fc3','admin@email.com','2015-09-28 13:29:14','1'),(2,'test','098f6bcd4621d373cade4e832627b4f6','test@email.com','2015-09-28 13:29:17','1');
/*!40000 ALTER TABLE `user` ENABLE KEYS */;
UNLOCK TABLES;

--
-- Table structure for table `userdb`
--

DROP TABLE IF EXISTS `userdb`;
/*!40101 SET @saved_cs_client     = @@character_set_client */;
/*!40101 SET character_set_client = utf8 */;
CREATE TABLE `userdb` (
  `userid` int(11) NOT NULL,
  `dbid` int(11) NOT NULL,
  PRIMARY KEY (`userid`,`dbid`)
) ENGINE=InnoDB DEFAULT CHARSET=utf8;
/*!40101 SET character_set_client = @saved_cs_client */;

--
-- Dumping data for table `userdb`
--

LOCK TABLES `userdb` WRITE;
/*!40000 ALTER TABLE `userdb` DISABLE KEYS */;
INSERT INTO `userdb` VALUES (1,1),(1,2),(2,3);
/*!40000 ALTER TABLE `userdb` ENABLE KEYS */;
UNLOCK TABLES;
/*!40103 SET TIME_ZONE=@OLD_TIME_ZONE */;

/*!40101 SET SQL_MODE=@OLD_SQL_MODE */;
/*!40014 SET FOREIGN_KEY_CHECKS=@OLD_FOREIGN_KEY_CHECKS */;
/*!40014 SET UNIQUE_CHECKS=@OLD_UNIQUE_CHECKS */;
/*!40101 SET CHARACTER_SET_CLIENT=@OLD_CHARACTER_SET_CLIENT */;
/*!40101 SET CHARACTER_SET_RESULTS=@OLD_CHARACTER_SET_RESULTS */;
/*!40101 SET COLLATION_CONNECTION=@OLD_COLLATION_CONNECTION */;
/*!40111 SET SQL_NOTES=@OLD_SQL_NOTES */;

-- Dump completed on 2015-10-07 12:18:56
